artist_id,artist_name,total_plays,num_listeners,play_ratio,track_freq,top_listeners,genres,tag
AR02YGA1187B9B8AC4,Bersuit Vergarabat,3627,1269,2.858156028,"{'TRACFXL128F930B28B': 3020, 'TRADFOQ128F9335409': 129, 'TRAGMXK128F9305A50': 392, 'TRAMIGP128F9335408': 86}","{'8ccdf9ff4c0ce970e843c49ebf134942ebb74196': 34, 'top_k_ratio': 0.009374138406396471}","['argentine rock', 'latin alternative', 'latin rock', 'rock en espanol', 'rock nacional', 'ska argentino']",rock
AR035N21187FB3938E,BT,1391,63,22.07936508,"{'TRAHXMC128F4267B70': 147, 'TRAKXNZ128F931DC2B': 66, 'TRALOBE12903CDA6C5': 1141, 'TRAVJOO128F14AD39C': 33, 'TRBCRKF128F14AD398': 4}","{'8e0dd300ccb1c2d8c64d1b389102e9a7fc4c034c': 234, 'top_k_ratio': 0.16822429906542055}","['edm', 'pop dance', 'progressive house', 'progressive trance', 'trance', 'uplifting trance']",electronic
AR03BDP1187FB5B324,Britney Spears,9419,86,109.5232558,"{'TRACYCJ128F9309246': 153, 'TRAEBXS128F429933A': 49, 'TRBALRR128F429625D': 5139, 'TRBAUVN128F932FEF8': 4078}","{'68c98485da1b49b89377f0135590a203bf3a1ae3': 130, 'top_k_ratio': 0.013801889797218388}","['dance pop', 'pop', 'pop rap', 'post-teen pop']",pop
AR040QX1187FB4CFE1,Alexisonfire,1528,474,3.223628692,"{'TRAPGKY128F42972A9': 1144, 'TRAVHCL128F93015C4': 384}","{'bf0503aad11e3ba0b8fd5a224b1b3cc9be0ccdfa': 46, 'top_k_ratio': 0.030104712041884817}","['canadian post-hardcore', 'canadian rock', 'melodic metalcore', 'metalcore', 'pop punk', 'post-hardcore', 'screamo']",metal
AR048JZ1187B9AEB85,Yellowcard,2872,1136,2.528169014,{'TRAUWFN128F1462E09': 2872},"{'6be2ac4fa0478867e2827870fc925f623c2fb261': 101, 'top_k_ratio': 0.03516713091922006}","['bow pop', 'emo', 'pop punk', 'pop rock', 'socal pop punk']",pop
AR050VJ1187B9B13A7,Dead Kennedys,1142,308,3.707792208,"{'TRALBOZ128F4251490': 471, 'TRARREF128F422FD96': 671}","{'2cba718038f3c00f7b1efc375289a9418cb025b5': 27, 'top_k_ratio': 0.023642732049036778}","['early us punk', 'hardcore punk', 'punk', 'skate punk']",punk
AR0KBXO1187B996460,Slipknot,1469,822,1.787104623,"{'TRAPUDN128F423B45C': 1457, 'TRBHIPU12903CC380E': 12}","{'0b14428c20e13dbf2544f2c9fd08d452360651ea': 29, 'top_k_ratio': 0.019741320626276378}","['alternative metal', 'double drumming', 'nu metal', 'rap metal']",metal
AR0OQPL1187B9B549A,Kirk Franklin with tobyMac & Sonny (of P.O.D.),1482,609,2.433497537,"{'TRAVYNN128F425EBBC': 1356, 'TRAYCVB128F92EB7B0': 126}","{'459481197c6e2c19e936bd35cf9b26f11429ad91': 36, 'top_k_ratio': 0.024291497975708502}","['gospel', 'gospel r&b']",gospel
AR0S7TA1187FB4D024,Christina Aguilera,10510,1979,5.310763012,"{'TRABKUJ128F4292445': 10240, 'TRACKAP128F425B741': 195, 'TRBCIRO128F42B0277': 38, 'TRBEAMO128F425B75F': 37}","{'448dd7c9a217508f57963f72265705a883fdd5b0': 138, 'top_k_ratio': 0.01313035204567079}","['dance pop', 'pop', 'pop rap', 'post-teen pop']",pop
AR0V36F1187FB366B1,The Chieftains,1433,403,3.555831266,{'TRAHFSC128F92EACAB': 1433},"{'54e74dfe015db53f85fe5b8334c4960cdf8d1a87': 30, 'top_k_ratio': 0.0209351011863224}","['celtic', 'irish folk']",folk
AR0WCZW1187B99F592,Tommy Torres,1290,387,3.333333333,{'TRAEFOU128F932105B': 1290},"{'56c19c65508877fa7a44f2c28e7f504b20bf98e4': 51, 'top_k_ratio': 0.03953488372093023}","['latin', 'latin pop', 'puerto rican pop']",pop
AR10USD1187B99F3F1,Tweeterfriendly Music,2774,338,8.207100592,"{'TRAAAPK128E0786D96': 722, 'TRAAVOU128F422F292': 6, 'TRALOUF128F422F329': 6, 'TRANCOH128F422F31D': 637, 'TRBADFY128F422F325': 70, 'TRBGULP128F422F290': 1333}","{'da681f423e8574d2581534fd138eae264dea0f5c': 34, 'top_k_ratio': 0.012256669069935111}","['canadian post-hardcore', 'canadian rock', 'metalcore', 'pop punk', 'post-hardcore', 'screamo']",metal
AR11YQ81187FB3C654,Dixie Chicks,1683,597,2.819095477,"{'TRANVZT128F42AE134': 1608, 'TRAURRP128F4261B94': 75}","{'a17ed81516b0b48bfd0586863eebe4e0f44907e0': 38, 'top_k_ratio': 0.0225787284610814}","['contemporary country', 'country', 'country dawn']",country
AR190KO1187B9905EC,Sick Puppies,3216,432,7.444444444,"{'TRAEOUE128F93187B9': 1360, 'TRAQEVV128EF34E413': 1856}","{'44ca40a17dbd7cd1b240d92a52ae437c1ce2b665': 78, 'top_k_ratio': 0.024253731343283583}","['alternative metal', 'christian rock', 'modern rock', 'nu metal', 'post-grunge', 'rap rock']",rock
AR1PRQ21187FB3B481,Generation X,10839,992,10.92641129,{'TRAZCMR128F1462B51': 10839},"{'5ae062ec96cca8441e69910ae49302e5e5949bcc': 427, 'top_k_ratio': 0.039394778116062366}","['glam punk', 'pub rock', 'punk']",punk
AR1Q25M1187B9B0D73,De La Soul / MF Doom,2275,563,4.040852575,"{'TRAJNZF12903CB22A9': 2230, 'TRBEJYW128F93018AF': 45}","{'f79db33ff4e83bdc5d867a3e2a9a8c386c3bb29f': 58, 'top_k_ratio': 0.025494505494505496}","['alternative hip hop', 'east coast hip hop', 'gangster rap', 'hardcore hip hop', 'hip hop', 'jazz rap', 'rap']",hip hop
AR2AGLK1187B9AAAD0,Year Long Disaster,2708,728,3.71978022,{'TRAHQBJ12903CAB1FA': 2708},"{'289335336fffdeb4cbeb5929219c2b73307b30c1': 118, 'top_k_ratio': 0.04357459379615953}","['alternative roots rock', 'stoner rock']",rock
AR2FAMK1187FB4CF60,AFI,4732,1112,4.255395683,"{'TRAKQXJ128F147A028': 2845, 'TRAPHZT128F147A02B': 1318, 'TRAZKAG12903CD1918': 332, 'TRBAXDP12903CD1922': 237}","{'275e79c4393326ae3817170b53d9673a1b28749b': 74, 'top_k_ratio': 0.015638207945900255}","['emo', 'pop punk', 'punk', 'screamo', 'skate punk']",punk
AR3MSAN1187B98F06B,OutKast,3337,219,15.23744292,"{'TRAEGBE128F4284973': 477, 'TRAJDGB128F42882AC': 1590, 'TRAOHNR128F428CD58': 961, 'TRAOZEJ128F428CCEA': 309}","{'54f45d14e7e855f35d510b7924b1b591655b19c0': 122, 'top_k_ratio': 0.036559784237338924}","['atl hip hop', 'dirty south rap', 'hip hop', 'pop rap', 'rap', 'southern hip hop']",hip hop
AR3Q48J1187FB55278,The Rapture,2418,718,3.367688022,"{'TRACUXJ128E0785F2B': 1011, 'TRAJPIQ128F14819A8': 1407}","{'50a645c50e28dc80db4fa079a8152db4cce82e8f': 32, 'top_k_ratio': 0.013234077750206782}","['alternative dance', 'dance-punk', 'electronica', 'indie rock', 'modern rock', 'new rave']",rock
AR4B3RX1187B9A868A,Alexandre Desplat,1020,180,5.666666667,"{'TRANZYG12903CFB180': 378, 'TRASWEK12903CB8417': 38, 'TRAVLHT12903CAF2F6': 23, 'TRBEFQY128F932EE3F': 581}","{'03699fa50d944261dd0fe6eb6c4b58cbb44bdae5': 50, 'top_k_ratio': 0.049019607843137254}","['compositional ambient', 'french soundtrack', 'soundtrack']",soundtrack
AR4OU721187FB4549D,Paramore,13138,4803,2.735373725,{'TRASDOI128F1480E28': 13138},"{'756d853bde99dbfd8a04a6c24bac0f672baac939': 80, 'top_k_ratio': 0.006089206880803775}","['candy pop', 'emo', 'pixie', 'pop emo', 'pop punk']",pop
AR4R1FL1187FB55C3B,Death From Above 1979,3193,1465,2.179522184,"{'TRADKAX128E0786B92': 3192, 'TRASFNS128F145247D': 1}","{'48748daed721d76ff98fc97bc5d3ab689a7c7934': 60, 'top_k_ratio': 0.018791105543376135}","['alternative dance', 'alternative rock', 'canadian rock', 'dance-punk', 'garage rock', 'indie rock', 'indietronica', 'modern alternative rock', 'modern rock', 'new rave', 'rock']",rock
AR5KOSW1187FB35FF4,Elena,3135,547,5.731261426,{'TRAACCG128F92E8A55': 3135},"{'926bb036b93f3a8c55b6d58d5ffb7f009dd5d0eb': 403, 'top_k_ratio': 0.12854864433811802}","['chalga', 'romanian pop']",pop
AR6892W1187B9AC71B,Placebo,3885,994,3.908450704,"{'TRAAUEO128E0780CB9': 2328, 'TRABVIU128E0780DA0': 1049, 'TRAEOBA12903CAFAB0': 34, 'TRAFAIB128F426E636': 456, 'TRAIBMN128E0780C96': 18}","{'2e706733fc6df87b31119827a0d9c6e6e114c917': 77, 'top_k_ratio': 0.01981981981981982}","['alternative rock', 'britpop', 'modern rock', 'permanent wave', 'rock']",rock
AR6G4V01187B9AD086,Queens Of The Stone Age,4422,160,27.6375,"{'TRAAGPJ128F428CD1B': 446, 'TRAFAJC128E078888B': 2752, 'TRBHJPQ128E078ED8F': 1224}","{'e128aa536c83d76667272093ac2c8fe76fa82a9c': 71, 'top_k_ratio': 0.016056083220262325}","['alternative metal', 'alternative rock', 'blues rock', 'modern rock', 'nu metal', 'palm desert scene', 'rock', 'stoner metal', 'stoner rock']",rock
AR6I54S1187FB48C6B,Patty Griffin,1523,171,8.906432749,"{'TRAKHYP128E0792F07': 321, 'TRASWKJ128E0792FE7': 64, 'TRBEBEZ128E0792F08': 1007, 'TRBGYDZ12903D075D4': 131}","{'79a02599169f7da9282f8f1deea1a13b1346a8de': 40, 'top_k_ratio': 0.026263952724885097}","['acoustic pop', 'alternative country', 'ectofolk', 'folk', 'indie folk', 'lilith', 'new americana', 'pop rock', 'singer-songwriter', ""women's music""]",country
AR6J3X81187FB59A7B,Matisyahu,2723,840,3.241666667,"{'TRACTLX128F42A51F6': 1766, 'TRAIISE128F42AE299': 125, 'TRAIZQI128F42A51F9': 832}","{'8855201aa8ac8a82d65732eb18164a11c653324f': 50, 'top_k_ratio': 0.01836210062431142}",['reggae fusion'],other
AR6XPWV1187B9ADAEB,Foo Fighters,8289,1458,5.685185185,"{'TRAEWVG128F428AC7F': 2305, 'TRALROP128F92CA9CC': 4890, 'TRAPJFL128F42AA7B4': 542, 'TRAPPUN128F429400B': 552}","{'40e76040e8ce5c4d9d449a6728e00ab4b00adfa6': 66, 'top_k_ratio': 0.007962359753890699}","['alternative metal', 'alternative rock', 'modern rock', 'permanent wave', 'post-grunge', 'rock']",rock
AR7DBMA1187FB516B1,The Knife,1893,1212,1.561881188,{'TRALZBV128F4250E60': 1893},"{'ca503102265c0fc4df6f31f49a5bf67d73eb8520': 44, 'top_k_ratio': 0.02324352879027998}","['alternative dance', 'art pop', 'dance-punk', 'dream pop', 'electroclash', 'electronica', 'electropop', 'gothenburg indie', 'neo-synthpop', 'new rave', 'swedish electropop', 'swedish synthpop']",electronic
AR7IYVY1187B9A2648,bel canto,11333,1790,6.331284916,{'TRBGGBF128F425E4D1': 11333},"{'35632e34a4c0342bdb7001e90ff73dec9f65d154': 153, 'top_k_ratio': 0.013500397070502074}","['dark wave', 'ethereal wave', 'neoclassical darkwave']",electronic
AR7N7MI1187FB46935,Sade,1488,422,3.526066351,"{'TRBARSX12903D03AE5': 985, 'TRBIGRY128F42597B3': 503}","{'8c68b01b1d53aedf5ee0e7c00f15f573dc46915b': 69, 'top_k_ratio': 0.046370967741935484}","['british soul', 'neo soul', 'sophisti-pop']",soul
AR7NNKG1187FB4AA1C,Charly García,5935,1489,3.985896575,"{'TRAVHLR128F146B476': 5869, 'TRBGHVM128F146B47A': 66}","{'7de61330d1dd2b13a002476dba3f9e89e66f11d4': 93, 'top_k_ratio': 0.015669755686604885}","['argentine rock', 'latin alternative', 'latin rock', 'post-punk argentina', 'rock en espanol', 'rock nacional']",rock
AR7Q0O91187FB4DBE7,Plies,8844,2920,3.028767123,"{'TRANUEV128F4282392': 4122, 'TRAVPOV128F429EC1B': 4722}","{'de88dbe9b0fff41abb1e6cf97a98c0f10dd5d6b4': 55, 'top_k_ratio': 0.006218905472636816}","['dirty south rap', 'gangster rap', 'hip hop', 'miami hip hop', 'pop rap', 'rap', 'southern hip hop', 'trap', 'urban contemporary']",hip hop
AR7ZI7Z1187B98BF55,Mago de Oz,1518,513,2.959064327,"{'TRAGDLM128F4233397': 1406, 'TRAGZHM12903CAEF3A': 112}","{'f8d037821f8efef88709c428b573bafdfc0865e1': 90, 'top_k_ratio': 0.05928853754940711}","['celtic metal', 'medieval rock', 'rock en espanol', 'spanish folk metal', 'spanish metal']",celtic
AR8BUVM1187FB4D94D,Belle & Sebastian,1432,996,1.437751004,{'TRAVVBW128F42819B2': 1432},"{'815d9bd673eee3f9c240232194a89790f77b7b95': 29, 'top_k_ratio': 0.020251396648044692}","['alternative rock', 'anti-folk', 'baroque pop', 'chamber pop', 'freak folk', 'indie folk', 'indie pop', 'indie rock', 'melancholia', 'scottish indie', 'scottish rock', 'twee pop']",rock
AR8RXRI1187FB4104B,The Roots,1794,404,4.440594059,"{'TRAHVUK128F1456988': 1303, 'TRAKTFQ128F145698C': 8, 'TRAOEYW128E0792A0C': 17, 'TRAQCBN128F1456991': 56, 'TRBEHGH128E078DEDE': 410}","{'d0259eb4c63ef266912f0a7cad8d8449edfbe35c': 66, 'top_k_ratio': 0.03678929765886288}","['alternative hip hop', 'conscious hip hop', 'east coast hip hop', 'hardcore hip hop', 'hip hop', 'neo soul', 'philly rap', 'political hip hop', 'southern hip hop']",hip hop
AR8V1WA1187B9AD9E9,The White Stripes,14190,832,17.05528846,"{'TRAFZRL128F428E465': 1595, 'TRAXLPR128F428E466': 1513, 'TRBHLDQ128F423EF10': 11082}","{'e68571e6a1482986680d9f237ff7a149f0c6e52f': 120, 'top_k_ratio': 0.008456659619450317}","['alternative rock', 'blues rock', 'detroit rock', 'garage rock', 'modern blues rock', 'modern rock', 'permanent wave', 'punk blues', 'rock']",rock
AR9O98A1187FB39621,The Strokes,3317,540,6.142592593,"{'TRAQRHA128F93001EB': 1432, 'TRASHPV128F4281CB1': 1885}","{'275fea3955a0351c588e0f80557c54092afda8bd': 50, 'top_k_ratio': 0.015073861923424782}","['alternative rock', 'garage rock', 'modern rock', 'permanent wave', 'rock']",rock
AR9ST641187B99B4DE,Cal Tjader,1238,613,2.019575856,{'TRAFMNM128F4251008': 1238},"{'9e2d0a51ee9355ed9adb9ab161e1a667fdff8a5c': 28, 'top_k_ratio': 0.022617124394184167}","['bossa nova', 'cool jazz', 'jazz', 'jazz funk', 'jazz vibraphone', 'latin jazz', 'lounge', 'soul jazz']",jazz
ARA3I0J1187FB57869,Blink-182,4894,444,11.02252252,"{'TRABRMJ128E0780E42': 887, 'TRAQGNV128C7196894': 4007}","{'8158ad180b1a43de3d5c6be8880b9ffc25c83ed6': 54, 'top_k_ratio': 0.011033919084593379}","['pop punk', 'punk', 'socal pop punk']",punk
ARA6BH81187B98F3AF,Modeselektor,1068,359,2.974930362,"{'TRADNPB128F423AEE7': 1030, 'TRAFPFW128F423B0A6': 38}","{'b0aba2ff2c830d830fb5ebed938f46bccc2e4969': 35, 'top_k_ratio': 0.03277153558052434}","['alternative dance', 'electronica', 'microhouse', 'minimal techno', 'new rave']",electronic
ARABFU01187FB46712,STEVE CAMP,1940,481,4.033264033,{'TRBAYJH128F427CA64': 1940},"{'2ecc5e294bf9ae8d97da3a0749b840007ad5eb4c': 60, 'top_k_ratio': 0.030927835051546393}",['deep christian rock'],rock
ARAIJG51187B9B97A4,Café Quijano,3105,706,4.398016997,"{'TRALSOA128F4275F49': 2646, 'TRATDIZ128F4242796': 83, 'TRAVGFT128F424278B': 120, 'TRBCYYN128F4297CD5': 256}","{'8859e9c7aba562471082bda866aef1746d3595d8': 108, 'top_k_ratio': 0.034782608695652174}","['cantautor', 'latin pop', 'rumba', 'spanish pop']",pop
ARAMIDF1187FB3D8D4,Alejandro Lerner,1438,102,14.09803922,"{'TRATLOJ128F9308ABB': 217, 'TRBDRIN128F9308ABF': 1209, 'TRBEYEO128F9308A8D': 12}","{'14b199ea56f5fb13cff74871ff43878bd8a3ae71': 40, 'top_k_ratio': 0.027816411682892908}","['argentine rock', 'latin pop', 'rock nacional']",rock
ARB6OGR1187FB4D43D,M83,3864,1165,3.316738197,"{'TRAPCNK128F427D7B5': 1867, 'TRASBSO128F1465A78': 920, 'TRAWJDS128F4262D92': 1077}","{'025ff4a07dbd34f07bfab40ec5043690b533624a': 80, 'top_k_ratio': 0.020703933747412008}","['french shoegaze', 'french synthpop', 'indietronica', 'metropopolis', 'neo-synthpop']",electronic
ARBD4QW1187FB42153,Scar Symmetry,1813,498,3.640562249,"{'TRABKJU128F422A7FE': 1505, 'TRAJFYK128F42579B0': 147, 'TRAYLRS128F427FE81': 161}","{'a454d00eeb0c64a93383c26b75f68e808886ae08': 45, 'top_k_ratio': 0.024820739106453393}","['melodic death metal', 'melodic groove metal', 'melodic metalcore', 'metal', 'swedish metal']",metal
ARBEBBY1187B9B43DB,Tom Petty,3038,106,28.66037736,"{'TRABBOP128F931B50D': 231, 'TRAPKBI128F92F9D33': 827, 'TRAQDUR128F931B4E9': 1980}","{'04754a3ec25ecd67033637d874a67f6974ab4141': 46, 'top_k_ratio': 0.015141540487162607}","['album rock', 'classic rock', 'country rock', 'folk rock', 'heartland rock', 'mellow gold', 'pop rock', 'rock', 'roots rock', 'singer-songwriter', 'soft rock']",rock
ARCJKV91187FB46210,KT Tunstall,3513,541,6.493530499,"{'TRALQGZ128F146F500': 1161, 'TRBFURI128F1455498': 2352}","{'6c8faa430c61308b863c22f322ea9fef161f1be8': 282, 'top_k_ratio': 0.0802732707087959}","['lilith', 'neo mellow', 'pop rock', 'scottish singer-songwriter']",rock
ARD2HR71187B99548F,Jimmy Hughes,1316,472,2.788135593,{'TRAIJGU128F931FA16': 1316},"{'33f90e39353993b46ab89af79df4576e50a9deb0': 122, 'top_k_ratio': 0.09270516717325228}","['rhythm and blues', 'soul', 'southern soul']",soul
ARDQ62L1187FB56FF0,Blue October,2137,89,24.01123596,"{'TRAEVHU128F92D9EA0': 279, 'TRAWLYF128F92D9EE0': 1858}","{'055b5cc1cdbf02aad17cdd68a3b330f9f0e2dded': 30, 'top_k_ratio': 0.014038371548900327}","['pop rock', 'post-grunge', 'san marcos tx indie']",rock
ARDQ9AP1187B9BA3F6,Killswitch Engage,1608,272,5.911764706,"{'TRAIGNN128F9326AB4': 972, 'TRBEKNV128F9326A8A': 636}","{'7323c1c0cc06f5f77f61db323d00a0a628092848': 174, 'top_k_ratio': 0.10820895522388059}","['alternative metal', 'boston metal', 'melodic metalcore', 'metalcore', 'nu metal']",metal
ARDSWIE1187FB39056,Gang Starr Featuring Jeru The Damaja And Lil Dap,1088,214,5.08411215,"{'TRADOXP128F145C13A': 441, 'TRAGQVO128F145C0AF': 21, 'TRANLSP128F14671CA': 426, 'TRAPISC128F14671D3': 200}","{'5c14016eda4f6edf28fc6866c29a7d8d63118255': 49, 'top_k_ratio': 0.04503676470588235}","['alternative hip hop', 'conscious hip hop', 'east coast hip hop', 'gangster rap', 'hardcore hip hop', 'hip hop', 'rap']",hip hop
ARE8GLF1187FB52532,Red Hot Chili Peppers,9326,453,20.58719647,"{'TRACMMG128F146D705': 918, 'TRADJAO128F146D76E': 516, 'TRAHYMJ128E0787801': 1137, 'TRAWDOU128F146D770': 382, 'TRBAMXF128F1470AD6': 6373}","{'b47081f622517ee1b92ff7520c9b7952450087ea': 91, 'top_k_ratio': 0.009757666738151404}","['alternative rock', 'funk metal', 'funk rock', 'permanent wave', 'rock']",rock
AREENKN1187B98F35D,Plasmatics,1468,481,3.051975052,"{'TRAGZQD128F428E68B': 1370, 'TRAKNBW128F4249FD8': 28, 'TRAMXJC128F428E68F': 27, 'TRAYXPS128F422842E': 43}","{'323e8afe5e3d0c36e427af92ec89aa3f5fdbe02f': 67, 'top_k_ratio': 0.04564032697547684}","['hardcore punk', 'punk']",punk
AREHK7O1187B9ADDD7,The Cardigans,2968,599,4.954924875,"{'TRADRJK128E078F041': 1172, 'TRAGFPP128E078F34C': 519, 'TRAPCIQ128F4241A74': 1002, 'TRBFMAS128E078F352': 275}","{'5ab133e735b3b1175a12c366c5644e961fa44acd': 58, 'top_k_ratio': 0.01954177897574124}","['dance pop', 'lilith', 'new wave pop', 'permanent wave', 'pop rock', 'swedish pop']",pop
AREN1A11187FB527EF,Roger Creager,2074,422,4.914691943,{'TRBDMCC128F9358267': 2074},"{'1b9742a412f88e730260092f1c96c09986d41212': 79, 'top_k_ratio': 0.038090646094503376}","['outlaw country', 'texas country']",country
ARF2EHS1187B994F4E,Kings Of Leon,12494,6091,2.051223116,{'TRATHTH128F42BC347': 12494},"{'4146d8981b55dac21cd65e1806fe2b3da6d902ce': 95, 'top_k_ratio': 0.007603649751880903}","['modern rock', 'rock']",rock
ARF6ZTO1187FB3684F,Story Of The Year,1503,249,6.036144578,"{'TRAKGDZ12903CE4867': 811, 'TRAWEST128F4242614': 692}","{'4d12190047211f450991002b503d66c8b2a2e175': 45, 'top_k_ratio': 0.029940119760479042}","['alternative metal', 'christian alternative rock', 'nu metal', 'pop punk', 'post-hardcore', 'screamo']",metal
ARFVYJI1187B9B8E13,Pearl Jam,4801,1878,2.556443024,"{'TRAAMES128F42AF068': 3664, 'TRAWBOE128F92F2F46': 1137}","{'f735156de84a174f6ad315a80e7716317b143c9b': 70, 'top_k_ratio': 0.014580295771714226}","['alternative rock', 'grunge', 'permanent wave', 'pop rock', 'rock']",rock
ARG9CID1187B9AB010,Taking Back Sunday,3906,896,4.359375,"{'TRANDBY128F146E8CC': 2670, 'TRASPCN128F92DE67E': 316, 'TRBCIDX128F422F215': 920}","{'7774417e936229d44f31aee398bf96e00284560d': 64, 'top_k_ratio': 0.01638504864311316}","['emo', 'pop punk']",punk
ARGVJPK1187B9909EA,Josh Groban,5458,518,10.53667954,"{'TRAXTSU128F4241835': 1769, 'TRBEYYM128F1493C56': 751, 'TRBGQAO128EF35A1AD': 2938}","{'c8eaa5b891c0bbbdf929ee00f8934969b36747fa': 71, 'top_k_ratio': 0.013008427995602785}","['adult standards', 'operatic pop']",pop
ARH6W4X1187B99274F,Radiohead,43500,3861,11.26651127,"{'TRACECN128F9310E97': 7410, 'TRAKYWY128F9310CF4': 370, 'TRAMXGR128E07822CC': 200, 'TRAQHNX128E07822A7': 2798, 'TRARTEH128F423DBC1': 17822, 'TRAXMAK128E07822CB': 214, 'TRAZVFJ128F9310CE2': 302, 'TRBALJE128F9310DCE': 8, 'TRBBGQN128F9310CBE': 4, 'TRBHKXX128F4252D02': 14372}","{'1604e3a8434ebb5fc94198a6a8bb32719123d82b': 200, 'top_k_ratio': 0.004597701149425287}","['alternative rock', 'art rock', 'melancholia', 'oxford indie', 'permanent wave', 'rock']",rock
ARHRY5S1187B99B96F,Static-X,2307,163,14.15337423,"{'TRAFJYB128F9311212': 439, 'TRAJCZE128E0785987': 5, 'TRBALEH128E078B419': 105, 'TRBFAWM128E0785A59': 192, 'TRBHPVP128E0785A51': 1566}","{'c2803b4e572dfd3d134f17c1e87e1023ac8c826e': 103, 'top_k_ratio': 0.044646727351538795}","['alternative metal', 'groove metal', 'industrial metal', 'industrial rock', 'nu metal', 'rap metal', 'rap rock']",metal
ARHUC691187B9AD27F,The Mars Volta,9487,1765,5.375070822,"{'TRAMCGL128F92F3D87': 6321, 'TRAMKDJ128F92F3D8B': 1461, 'TRAYKHZ128F145289F': 1705}","{'e8b1bfe5ab922211ba3cdb2e98d9c51f718974ed': 209, 'top_k_ratio': 0.022030146516285442}","['alternative metal', 'el paso indie', 'rock']",metal
ARI4S0E1187B9B06C0,David Arkenstone,7088,2062,3.437439379,"{'TRAQFGR128EF34E7AF': 4515, 'TRAQHVX128F92E444A': 58, 'TRARJEM128F92E444D': 2102, 'TRAVSQI128F4255127': 379, 'TRBIJIA128F425F57D': 34}","{'81650c9b43141044d223686112dd3a1602c3e326': 148, 'top_k_ratio': 0.0208803611738149}","['celtic', 'new age', 'video game music']",celtic
ARIRCA31187FB58E84,The Maine,1611,491,3.281059063,{'TRBCSDW128F424D686': 1611},"{'65c23b32ecf7636bd62af8f928967cd0f23b00d8': 161, 'top_k_ratio': 0.09993792675356922}","['modern alternative rock', 'modern rock', 'neon pop punk', 'pop emo', 'pop punk', 'pop rock', 'post-teen pop', 'tempe indie']",rock
ARIW1BH1187FB4C94A,Architecture In Helsinki,1038,321,3.23364486,"{'TRAUEYX12903CEAF48': 492, 'TRBCYNZ128F933ABF5': 241, 'TRBEISL128F931B107': 305}","{'e30541193c23b565e25eef8f85d231b0a79d87a2': 26, 'top_k_ratio': 0.025048169556840076}","['alternative dance', 'australian indie', 'indie pop', 'indietronica', 'new rave']",electronic
ARJGIOD1187B9AE920,Kelly Clarkson,1612,534,3.018726592,{'TRAYJOF128F92F9EEA': 1612},"{'c18b0ba0684a379194bedf54d8af3f395ebe28e3': 112, 'top_k_ratio': 0.06947890818858561}","['dance pop', 'neo mellow', 'pop', 'pop rock', 'post-teen pop', 'talent show', 'urban contemporary']",pop
ARJV0U41187B9AB715,All Time Low,1095,341,3.211143695,{'TRAFKRE128F932002B': 1095},"{'052ba211d179e852a8831860271499642cb888b0': 58, 'top_k_ratio': 0.052968036529680365}","['modern rock', 'pop punk', 'post-teen pop']",rock
ARKMIBT11F4C8430D9,The Antlers,1015,229,4.43231441,"{'TRADKLT128F9304E1D': 754, 'TRBAPBU128F9304E1B': 261}","{'2c04736f4d7b0696d2a063b1e61069af38660a94': 87, 'top_k_ratio': 0.08571428571428572}","['art pop', 'brooklyn indie', 'chamber pop', 'chillwave', 'dream pop', 'freak folk', 'indie folk', 'indie pop', 'indie rock', 'melancholia', 'stomp and holler']",pop
ARKQQZA12086C116FC,B.o.B,87366,30117,2.900886542,{'TRAWBHE12903CBC4CB': 87366},"{'021a670f55f7a440722f8508fc7629e4ff709ff3': 268, 'top_k_ratio': 0.003067554884051004}","['atl hip hop', 'dance pop', 'hip hop', 'pop', 'pop rap', 'rap', 'southern hip hop']",hip hop
ARKR75V1187FB3D4D5,My Chemical Romance,1720,96,17.91666667,"{'TRAFLZY128F148959F': 207, 'TRAOYFS128F423E593': 1288, 'TRAXEHW128F423E590': 225}","{'fcb4f8e8ceb6e4b2aa3462db86a2ae36438a6223': 90, 'top_k_ratio': 0.05232558139534884}","['emo', 'pop punk']",punk
ARL635X1187B990092,Charlotte Gainsbourg,2342,397,5.899244332,"{'TRAEASY128F148247C': 762, 'TRAURHK12903CA60F8': 835, 'TRBHZUN12903CA60F7': 745}","{'716d71c6cd45f2df876d99fe298665041dcb1ab4': 49, 'top_k_ratio': 0.020922288642186166}","['art pop', 'electronica']",electronic
ARLTWXK1187FB5A3F8,King Curtis,1106,200,5.53,"{'TRABCFL128F149BB0D': 1105, 'TRAMQCL128F426F80D': 1}","{'30c344a3af6320f90a66e7614df14683c363d593': 110, 'top_k_ratio': 0.09945750452079566}","['funk', 'jazz blues', 'jazz saxophone', 'soul', 'soul jazz']",jazz
ARLUF1T1187FB3603B,Ricardo Arjona,1571,55,28.56363636,"{'TRAJFMH12903D052DC': 117, 'TRBHYTA128F93425AC': 1454}","{'452f36fa31f312d7d967c6f7c4dfcf00208b738b': 94, 'top_k_ratio': 0.05983450031826862}","['cantautor', 'latin', 'latin arena pop', 'latin pop', 'rock en espanol']",pop
ARM0P6Z1187FB4D466,Arctic Monkeys,23735,3891,6.0999743,"{'TRALEPN128F9311179': 9948, 'TRAMGPM128F9311196': 7485, 'TRASRXK128F9311176': 6302}","{'484734ce6667a6a25df23a961d5c5a9458afbfa1': 143, 'top_k_ratio': 0.006024857804929429}","['garage rock', 'modern rock', 'permanent wave', 'rock', 'sheffield indie']",rock
ARMG34A1187FB548A8,Thomas Dolby,3714,61,60.8852459,"{'TRAMMDO128E0781A5D': 133, 'TRASOTO128F9325223': 25, 'TRBBMXP128F9325219': 20, 'TRBDNDG128E0782EDC': 3501, 'TRBDXKI128F9325211': 35}","{'3ef7f49322fc59dff72842aa153974bfe6634352': 74, 'top_k_ratio': 0.01992460958535272}","['art rock', 'new romantic', 'new wave', 'new wave pop', 'steampunk', 'synthpop', 'zolo']",pop
ARML3X41187FB35F2E,Jason Mraz,3706,257,14.42023346,"{'TRADLBJ128F423A031': 654, 'TRALUNR128EF3425DE': 6, 'TRALXNJ128F42952D5': 43, 'TRAPUWG128EF3425E7': 2741, 'TRBDMWS128F423A021': 262}","{'23ec7765590efc05002ccf6551cbadaa953c2069': 59, 'top_k_ratio': 0.015920129519697786}","['acoustic pop', 'neo mellow', 'pop', 'pop rock', 'viral pop']",pop
ARMRCET1187FB52049,Fergie,2352,668,3.520958084,"{'TRARFQL128F931E523': 1156, 'TRBDUXD128F148328A': 1196}","{'a897a3422a70bbdf2489d39de0c17e638f72b5e7': 33, 'top_k_ratio': 0.01403061224489796}","['dance pop', 'pop', 'post-teen pop', 'urban contemporary']",pop
ARMW4I01187B98AEF8,Tha Alkaholiks,1388,167,8.311377246,{'TRAZHAJ128F4289AE1': 1388},"{'54d180a8c016672b3cf0824f545691145074ecb7': 321, 'top_k_ratio': 0.23126801152737753}","['alternative hip hop', 'gangster rap', 'hardcore hip hop', 'hip hop', 'turntablism']",hip hop
ARN2ZKL1187FB3972B,The Distillers,1252,129,9.705426357,"{'TRAMMQW128F42621E1': 229, 'TRAVFPH128F42621EE': 265, 'TRBAOJU128F42621E6': 475, 'TRBFVEP128F42621E3': 283}","{'ad8ad3ddd2de60b2ef765cc6db1739934058dbf1': 39, 'top_k_ratio': 0.031150159744408944}","['punk', 'skate punk']",punk
ARN5L1O1187FB4D955,Eyes Set to Kill,1576,346,4.554913295,"{'TRANRWM128F42873F9': 1092, 'TRAUNND12903CD03BC': 484}","{'12e42d13b3e99d57669ac91d793b1fa011e9a133': 60, 'top_k_ratio': 0.03807106598984772}","['metalcore', 'pixie', 'pop emo', 'screamo', 'slayer']",metal
ARN6M7I1187FB4DEAF,A Skylit Drive,1506,388,3.881443299,{'TRAPYML128F423DF98': 1506},"{'dab08c0ac67ede6a19f7bcef4e5ee593fba2c36a': 60, 'top_k_ratio': 0.0398406374501992}","['metalcore', 'pixie', 'post-screamo', 'screamo']",metal
ARN8NCB1187FB49652,Lionel Rogg,21543,3954,5.448406677,"{'TRAGYMA128EF34B55E': 21540, 'TRAPGWJ12903CCEA58': 1, 'TRATXBC128EF34B540': 2}","{'cc1bcd7555cf2f4ddbfb178e927b335e971d8c46': 299, 'top_k_ratio': 0.013879218307570905}",['classical organ'],other
ARNDL191187FB51583,Jimi Hendrix,2305,909,2.535753575,"{'TRAETTV12903CBBD09': 1769, 'TRAVMXD12903CBBD0B': 536}","{'c5a7e7f6e90a044728e543cef76faced798937e1': 68, 'top_k_ratio': 0.02950108459869848}","['acid rock', 'album rock', 'blues rock', 'classic rock', 'hard rock', 'psychedelic rock', 'rock']",rock
ARNNM56119B86686EA,Luke Bryan,3832,1243,3.082864039,{'TRAJMZL12903CA4807': 3832},"{'ed325835b2170b56f436f3a0f146909f98684170': 49, 'top_k_ratio': 0.01278705636743215}","['contemporary country', 'country', 'country road']",country
ARNNQBT1187FB437C1,Belphegor,1230,430,2.860465116,"{'TRASQBA128F427B273': 1197, 'TRBAXSM128F427B26E': 33}","{'0d25305f6993afa91e6a4b02d03dbc1c56e58d3d': 28, 'top_k_ratio': 0.022764227642276424}","['austrian black metal', 'austrian metal', 'black metal', 'brutal death metal', 'death metal', 'metal', 'symphonic black metal']",metal
ARNRPI31187B9AC699,The Crystal Method,1364,255,5.349019608,"{'TRANWOF12903CB3E19': 497, 'TRBEVTM128F92FE2B2': 497, 'TRBGSCR128F92FE2AE': 370}","{'6156326bca3a063ad19f556f5115f87b78048e2f': 78, 'top_k_ratio': 0.05718475073313783}","['big beat', 'breakbeat', 'electronica']",electronic
AROBSHL1187B9AFB01,A Day To Remember,1287,444,2.898648649,{'TRBEEEP128F426C17D': 1287},"{'84ebb2e563f4467c45c26dedc8130c8567ed14b7': 51, 'top_k_ratio': 0.039627039627039624}","['metalcore', 'pop punk', 'screamo']",metal
ARPFHN61187FB575F6,Lupe Fiasco,19723,2365,8.339534884,"{'TRABCKL128F423A778': 5168, 'TRAWMBE128F423A76C': 6143, 'TRBDODQ128F423A780': 3204, 'TRBFEID128F42368AC': 5208}","{'b4f4b2799470858399e486220770d980340a8fcb': 152, 'top_k_ratio': 0.007706738325812503}","['chicago rap', 'conscious hip hop', 'hip hop', 'political hip hop', 'pop rap', 'rap', 'southern hip hop']",hip hop
ARPGTHP1187B9AC284,Temple Of The Dog,7197,2455,2.931568228,{'TRBDSFP128E07937B9': 7197},"{'3108566de5a53d6fe0e4b637808e6b4a93068de0': 63, 'top_k_ratio': 0.008753647353063776}","['alternative metal', 'alternative rock', 'grunge', 'hard rock', 'rock', 'supergroup']",metal
ARPKATM1187B9B76E6,Hatebreed,2134,178,11.98876404,"{'TRABMZZ128F4249C60': 374, 'TRAIJWN12903CF2C76': 55, 'TRAKREH128F42750C6': 159, 'TRALHIQ12903D00496': 31, 'TRALVZY12903D0048B': 209, 'TRBCDCS128F422F0CF': 131, 'TRBFQQY128F4249C56': 1175}","{'a820826cfe28ac3da72cf5dbfd7a36633837a03a': 48, 'top_k_ratio': 0.022492970946579195}","['alternative metal', 'connecticut hardcore', 'hardcore', 'melodic metalcore', 'metalcore', 'nu metal', 'rap rock']",metal
ARQATWU1187B98EE26,Ill Nino,1324,228,5.807017544,"{'TRAFMPX128F4246C49': 945, 'TRARMWA128F424147D': 379}","{'100e41d05e77b08dd31dddd8ac319e2a20df965b': 70, 'top_k_ratio': 0.052870090634441085}","['alternative metal', 'industrial metal', 'latin metal', 'melodic metalcore', 'nu metal', 'rap rock']",metal
ARQEPTZ1187FB4CD36,Toby Love featuring Rakim & Ken-Y,1184,347,3.412103746,{'TRAWPNC128F92EAA90': 1184},"{'40279b96e183d011a5be765cd776ec584d0cc7b7': 61, 'top_k_ratio': 0.05152027027027027}","['bachata', 'latin', 'latin hip hop', 'reggaeton', 'tropical']",hip hop
ARQUMH41187B9AF699,Linkin Park,57866,14729,3.928712065,"{'TRARUTP128E0797FC7': 40739, 'TRAUOPE128EF367610': 17127}","{'5d5a27d2fe3d45e515e79ddb7f70822ef5cd3600': 160, 'top_k_ratio': 0.002765008813465593}","['alternative metal', 'nu metal', 'post-grunge', 'rap metal']",metal
ARQXC7V1187FB4DA9E,DAVE MATTHEWS BAND,4227,1465,2.885324232,{'TRAKXMS12903CB36F2': 4227},"{'1f6bccac4b4cd49f21de157dea47ba60afb5f8e1': 58, 'top_k_ratio': 0.013721315353678732}","['jam band', 'neo mellow', 'pop rock']",rock
ARR3ONV1187B9A2F59,Muse,104734,458,228.6768559,"{'TRACCUS128F92E1FEB': 1143, 'TRADYQK128F42A762A': 10976, 'TRAEOFB12903CB7900': 1347, 'TRAQJMP128F92E3821': 14508, 'TRAURYF128F147805D': 75669, 'TRBHYIK128F92E210B': 1091}","{'07a3db47d50c75dd3b8d76e72623af1d3c9da249': 216, 'top_k_ratio': 0.002062367521530735}","['modern rock', 'permanent wave', 'rock']",rock
ARRDRI71187FB46EAA,Grizzly Bear,8158,762,10.70603675,"{'TRAMWDI128F92FF678': 1858, 'TRARPCK128F92FEA7F': 6300}","{'cd58f3d02bfa9e5df95971cde778593012241236': 69, 'top_k_ratio': 0.008457955381220888}","['alternative dance', 'art pop', 'baroque pop', 'brooklyn indie', 'chillwave', 'dream pop', 'freak folk', 'indie pop', 'indie rock', 'modern rock', 'new rave', 'new weird america', 'nu gaze', 'shimmer pop', 'stomp and holler']",pop
ARRH63Y1187FB47783,Kanye West,8447,3456,2.444155093,"{'TRAIYZW128F9330F7D': 8164, 'TRAYXDI128F428CD9C': 259, 'TRAZBBP128E07845D4': 24}","{'1d1a13094f1492da7e0136015acd81ade5441543': 57, 'top_k_ratio': 0.006747957854859713}","['chicago rap', 'rap']",hip hop
ARRI5MR1187FB47CAB,Esperanza Spalding / Leo Genovese,2275,346,6.575144509,"{'TRBABJK128F93330A6': 694, 'TRBDYFY128F93330AA': 1581}","{'57d18b573011763e20ff53f2b2c56d85a2b3464a': 62, 'top_k_ratio': 0.027252747252747254}","['electric bass', 'jazz', 'jazz fusion', 'jazz pop', 'neo soul']",jazz
ARRJ3UC1187FB579D7,Wyclef Jean featuring Butch Cassidy and Sharissa,1478,169,8.74556213,"{'TRADCIM128F427A3A1': 333, 'TRAMMDM128F425EAA9': 704, 'TRANYYX128F4276EE3': 51, 'TRBCTRX128F4299237': 271, 'TRBFTZS128F425EAAB': 103, 'TRBHAAK128F92E27BF': 5, 'TRBHKKJ128F427A3B1': 11}","{'0f0adad8d6ef12e75799cdd635e6219b500c79dc': 54, 'top_k_ratio': 0.036535859269282815}",['rap kreyol'],hip hop
ARRJNTE1187FB44E12,Casiotone For The Painfully Alone,1121,125,8.968,"{'TRAADQX128F422B4CF': 522, 'TRADFQK128F422B492': 193, 'TRAGPEA128F422B47E': 11, 'TRAUEWN128F932C32C': 144, 'TRBEAWP128F422B4D1': 237, 'TRBGBUY128F422B413': 14}","{'643d9b1d0bab6be42242e69b7792b71521d1919b': 74, 'top_k_ratio': 0.06601248884924175}","['anti-folk', 'freak folk', 'indietronica', 'lo-fi']",folk
ARRXG5Y1187B9AA016,G-Unit,1122,366,3.06557377,"{'TRACFYQ128E0784150': 1047, 'TRADQAW128F4274A4F': 10, 'TRAFLMU128F4274A4D': 5, 'TRAPZYO128EF3519A2': 58, 'TRBCBRN128F42A1372': 2}","{'5158bd5c6ca7bf42663291ccaecb205de22d3dae': 40, 'top_k_ratio': 0.035650623885918005}","['gangster rap', 'hardcore hip hop', 'hip hop', 'pop rap', 'queens hip hop', 'rap', 'southern hip hop', 'trap']",hip hop
ARSG7NQ1187FB57482,Fall Out Boy,3315,1253,2.645650439,{'TRAGNBQ128F149CB93': 3315},"{'2539f79341d6f144554bd03ef00eecfbb33b5ef9': 58, 'top_k_ratio': 0.017496229260935144}","['emo', 'modern rock', 'pop punk']",rock
ARSL3N21187B98DFC5,Klaus Badelt,2127,108,19.69444444,"{'TRATIKX128F42697BF': 165, 'TRBEQFT128F146BD6D': 1962}","{'6d68563c8080c4382f777d7a44af394bb8a6b916': 44, 'top_k_ratio': 0.020686412787964268}","['german soundtrack', 'scorecore', 'soundtrack']",soundtrack
ARTH9041187FB43E1F,Eminem,6153,399,15.42105263,"{'TRAESJK128E0792227': 858, 'TRAUURC128E078EC6E': 5295}","{'e9605c20531d5dd6bf2599d979cb8dd1380299af': 50, 'top_k_ratio': 0.008126117341134406}","['detroit hip hop', 'hip hop', 'rap']",hip hop
ARTXGGI1187B9B3D58,Blackalicious,1285,69,18.62318841,"{'TRADCHC128F42134B5': 176, 'TRAHBQT128F4213403': 362, 'TRASXYB128F428DFF3': 747}","{'0e4d05992143a82df357fd9b8fc7cf561490a6cb': 39, 'top_k_ratio': 0.030350194552529183}","['alternative hip hop', 'hip hop', 'turntablism']",hip hop
ARU9KWP1187B98B2A7,Busdriver,2403,474,5.069620253,"{'TRAAQIH128F428BDEA': 648, 'TRAOTVH12903CA2DE6': 851, 'TRBBEYU128F4235623': 891, 'TRBHUCN128F932E8D7': 13}","{'17444dd3b45f9a6f048aa3a9b4f9ddb6d681781a': 48, 'top_k_ratio': 0.019975031210986267}","['abstract hip hop', 'alternative hip hop', 'escape room']",hip hop
ARUKN9H1187B9B71C8,The Black Crowes,1177,94,12.5212766,"{'TRADQAR128F92ED3DC': 333, 'TRAMKUA128F92ED3E1': 618, 'TRAMQEB128F9306B3A': 115, 'TRBAFWX12903CA9831': 87, 'TRBFNBC12903CA9800': 24}","{'4bbe835115b87c507086a24ee56f84fcaace6c45': 82, 'top_k_ratio': 0.06966864910790145}","['album rock', 'alternative rock', 'blues rock', 'classic rock', 'country rock', 'hard rock', 'jam band', 'mellow gold', 'pop rock', 'rock', 'roots rock', 'southern rock']",rock
ARUTEVU1187B9ACAF9,Lifehouse,2782,216,12.87962963,"{'TRAJFFF128F429874A': 457, 'TRAWCQE128F14676AC': 2325}","{'e4fddf7eb36b53b4e015ba0ae41ab8e24e00a301': 110, 'top_k_ratio': 0.039539899352983465}","['alternative metal', 'neo mellow', 'pop rock', 'post-grunge']",metal
ARUWB5W1187B98D7A1,Ensiferum,1433,224,6.397321429,"{'TRABJWA128F9309C09': 738, 'TRAIUPS128F92F2825': 695}","{'17b3ec9129161bcae045b356e1b0277cfcc4c49a': 54, 'top_k_ratio': 0.03768318213538032}","['finnish melodeath', 'finnish metal', 'folk metal', 'melodic death metal', 'metal', 'nordic folk metal', 'power metal', 'viking metal']",metal
ARVG4OK1187B9B6BD3,The Killers,18019,1817,9.916895982,"{'TRADZXK128F429DB92': 2570, 'TRBBJVE128F9303F10': 141, 'TRBIFGK128F92F23A2': 15308}","{'77563324a1e97c92470e416b7682d01f20275434': 175, 'top_k_ratio': 0.00971197069759698}","['dance rock', 'modern rock', 'permanent wave', 'rock']",rock
ARVXU2X1187B9AE6D8,Evanescence,1533,527,2.908918406,{'TRAWIQY12903CCC64A': 1533},"{'5f32671b79a02698f97daede9b1941fc4076ba50': 45, 'top_k_ratio': 0.029354207436399216}",['alternative metal'],metal
ARVXV1J1187FB5BF88,Foals,4746,3092,1.534928849,{'TRATTGW128F427A82D': 4746},"{'627a04c1e30ef0cf3b9deb0ce1508f1254342056': 36, 'top_k_ratio': 0.007585335018963337}","['alternative dance', 'indie rock', 'modern alternative rock', 'modern rock', 'new rave', 'oxford indie', 'rock']",rock
ARW9FP41187B98C2A7,Annie Lennox,1688,820,2.058536585,{'TRAYWLI128F9300223': 1688},"{'9ea3eafa48e73855fdecc165d3dc29dab64cbb46': 27, 'top_k_ratio': 0.015995260663507108}","['folk', 'mellow gold', 'new wave pop', 'pop rock', 'soft rock']",folk
ARWA8AH1187FB3FC84,Hot Chip,2254,1464,1.539617486,{'TRAFTDN128F427C29D': 2254},"{'89d33ce450c148ae7673f5ba5d117d5c214a09f0': 42, 'top_k_ratio': 0.018633540372670808}","['alternative dance', 'chillwave', 'dance rock', 'dance-punk', 'electronica', 'electropop', 'indie rock', 'indietronica', 'modern rock', 'neo-synthpop', 'new rave']",electronic
ARWD3OC1187FB3A666,Cut Copy,4733,3049,1.552312234,"{'TRAZORC128F426C323': 4610, 'TRBCGNI128F426C330': 123}","{'5f5743582a81a93cf84048720d2f855ad25cf363': 33, 'top_k_ratio': 0.006972321994506655}","['alternative dance', 'australian dance', 'australian electropop', 'chillwave', 'dance-punk', 'electronic rock', 'electronica', 'electropop', 'filter house', 'indietronica', 'modern rock', 'neo-synthpop', 'new rave', 'nu disco', 'nu gaze', 'shimmer pop']",electronic
ARXG6L11187FB5695E,SWAMI featuring Asuivre,1645,256,6.42578125,"{'TRAAZLK128F93586D6': 1644, 'TRBHADL128F931E5F1': 1}","{'0f76686bf6317c8ec2437c467fe8a8769ead8e85': 71, 'top_k_ratio': 0.043161094224924014}",['bhangra'],other
ARXOTQH1187FB57084,Chris Brown,1153,156,7.391025641,"{'TRAKUJE128F42AE89C': 311, 'TRAPXHQ128F9340E67': 589, 'TRAQVOG128F9340E58': 27, 'TRASDYA128F425E84F': 127, 'TRAWDWZ128F9340E55': 99}","{'4d5bf89dbaa2531f83b71f25cd338bbcbbdc43a1': 42, 'top_k_ratio': 0.03642671292281006}","['dance pop', 'pop', 'pop rap', 'r&b', 'rap']",pop
ARYG6CU1187FB3852B,Milk Inc.,1278,377,3.389920424,"{'TRAIWXX128F1461FE9': 1080, 'TRANAIE128F146E588': 61, 'TRAYPVE128F1483832': 53, 'TRBCALG128F1483839': 10, 'TRBDKQI128F1465028': 74}","{'d9174dfd7a94b8e80806c5d63bb08832da135c6a': 40, 'top_k_ratio': 0.03129890453834116}","['belgian dance', 'eurodance']",electronic
ARYLSGC11F43A69EF6,Los Amigos Invisibles,1041,361,2.88365651,"{'TRANKYM128F428B7A4': 802, 'TRATOHB128F930270D': 239}","{'4d9e7fe3b75df91c8697d8819705e340f351eec4': 55, 'top_k_ratio': 0.052833813640730067}","['latin afrobeat', 'latin alternative', 'latin funk', 'latin pop', 'latin rock', 'mexican indie', 'rock en espanol', 'venezuelan indie', 'venezuelan rock']",rock
ARYO9BU1187B9ADA88,Porcupine Tree,2058,116,17.74137931,"{'TRAAKAS128F4246013': 245, 'TRAKWNL12903CC37B6': 252, 'TRBFBAB128F4227B85': 782, 'TRBHFVD128F4248837': 779}","{'1f1459b6b028c5ac7d61a8d37d757675a817c0c8': 90, 'top_k_ratio': 0.043731778425655975}","['art rock', 'progressive metal', 'progressive rock', 'symphonic rock']",rock
ARYVO9V1187B9B1FC6,Franz Ferdinand,1930,869,2.220943613,{'TRAZASM128F932FBEE': 1930},"{'bc3777585de3e0786e06328c118de9eb47470726': 90, 'top_k_ratio': 0.046632124352331605}","['alternative rock', 'dance rock', 'dance-punk', 'modern rock', 'new rave', 'rock', 'scottish rock']",rock
ARZ33PH1187FB52F58,Kat Deluna / Akon,1001,259,3.864864865,{'TRAYQAI12903CBDD3D': 1001},"{'1e30647deb52c1fc1e905a5d2c65f24a160e22a4': 48, 'top_k_ratio': 0.04795204795204795}","['dance pop', 'post-teen pop']",pop
ARZENOX1187B98A645,John Mayer,7040,949,7.41833509,"{'TRANTAD128F92FD042': 1968, 'TRATBLI128F92F78F8': 5066, 'TRBGEHK12903CEEFC0': 6}","{'d7fce1bd5654e915ee3217bfec82b0bab77649a5': 79, 'top_k_ratio': 0.011221590909090908}","['neo mellow', 'pop', 'pop rock', 'singer-songwriter']",pop
ARZWK2R1187B98F09F,Rise Against,25259,622,40.60932476,"{'TRAASQC128F93480F0': 1148, 'TRAKOEB128F1478783': 352, 'TRAWRKT128E0788857': 23759}","{'7df870613d6364a1354bceca6e32cbfa501ae4a4': 86, 'top_k_ratio': 0.0034047270279900232}","['chicago hardcore', 'chicago punk', 'hardcore punk', 'pop punk', 'punk']",hip hop